{
  "resolution": "main",
  "tree": {
    "src": "https://raw.githubusercontent.com/DefinitelyTyped/DefinitelyTyped/64b25f63f0ec821040a5d3e049a976865062ed9d/angular-protractor/angular-protractor.d.ts",
    "raw": "github:DefinitelyTyped/DefinitelyTyped/angular-protractor/angular-protractor.d.ts#64b25f63f0ec821040a5d3e049a976865062ed9d",
    "typings": "https://raw.githubusercontent.com/DefinitelyTyped/DefinitelyTyped/64b25f63f0ec821040a5d3e049a976865062ed9d/angular-protractor/angular-protractor.d.ts"
  }
}
